<?xml version="1.0" encoding="UTF-8"?>
<beans xmlns="http://www.springframework.org/schema/beans"
	xmlns:xsi="http://www.w3.org/2001/XMLSchema-instance"
	xmlns:aop="http://www.springframework.org/schema/aop"
	xmlns:context="http://www.springframework.org/schema/context"
	xmlns:jdbc="http://www.springframework.org/schema/jdbc"
	xmlns:mybatis-spring="http://mybatis.org/schema/mybatis-spring"
	xsi:schemaLocation="http://www.springframework.org/schema/jdbc http://www.springframework.org/schema/jdbc/spring-jdbc-4.3.xsd
		http://mybatis.org/schema/mybatis-spring http://mybatis.org/schema/mybatis-spring-1.2.xsd
		http://www.springframework.org/schema/beans https://www.springframework.org/schema/beans/spring-beans.xsd
		http://www.springframework.org/schema/context http://www.springframework.org/schema/context/spring-context-4.3.xsd
		http://www.springframework.org/schema/aop http://www.springframework.org/schema/aop/spring-aop-4.3.xsd">
	
	<!-- Root Context: defines shared resources visible to all other web components -->
	<context:annotation-config />
	<context:component-scan base-package="com.sungkyul.graduation.domain, 
			com.sungkyul.graduation.dto, 
			com.sungkyul.graduation.persistence, 
			com.sungkyul.graduation.service" />
	
	<!-- MySQL dataSource -->
    <bean id="dataSource"
        class="org.springframework.jdbc.datasource.DriverManagerDataSource">
        <property name="driverClassName" value="com.mysql.cj.jdbc.Driver"></property>
        <property name="url"
            value="jdbc:mysql://127.0.0.1:3306/graduation?useSSL=false&amp;serverTimezone=UTC">
        </property>
        <property name="username" value="root"></property>
        <property name="password" value="root"></property>
    </bean>
    
    <!-- 자신의 PC(로컬)에 MySql을 설치했을 경우 -->
    <!-- 
    <bean id="dataSource"
        class="org.springframework.jdbc.datasource.DriverManagerDataSource">
        <property name="driverClassName" value="com.mysql.cj.jdbc.Driver"></property>
        <property name="url"
            value="jdbc:mysql://127.0.0.1:3306/스키마이름?useSSL=false&amp;serverTimezone=UTC">
        </property>
        <property name="username" value="MySQL 계정"></property>
        <property name="password" value="비밀번호"></property>
    </bean> --> 
    
    <!-- mybatis SqlSessionFactoryBean -->
    <!-- DB와의 연결과 SQL의 실행에 대한 모든 것을 가진 객체 -->
    <bean id="sqlSessionFactory" class="org.mybatis.spring.SqlSessionFactoryBean">
        <property name="dataSource" ref="dataSource"></property>
        <property name="configLocation" value="classpath:/config/mybatis-config.xml"></property>
        <property name="mapperLocations" value="classpath:mappers/**/*Mapper.xml"></property>
    </bean>
    
    <!-- mybatis SqlSessionTemplate -->
    <bean id="sqlSession" class="org.mybatis.spring.SqlSessionTemplate" destroy-method="clearCache">
    	<constructor-arg name="sqlSessionFactory" ref="sqlSessionFactory"></constructor-arg>
    </bean>





		
</beans>
